{
    "11cs3005": {
        "11cs30029": 3.5179480379322605, 
        "11cs30024": 0.010396135306159238, 
        "11cs30025": -3.709489031402872, 
        "11cs30030": 2.300757263214395, 
        "11cs30020": 2.8319753376829224, 
        "11cs30021": 2.943423321306941, 
        "11cs30019": -4.843820965571412, 
        "11cs30010": -3.9680321111899683, 
        "11cs30013": -3.9619796220335832, 
        "11cs30018": 0.6163259465041984
    }, 
    "11cs3004": {
        "11cs3007": -4.458269634717982, 
        "11cs3006": -0.8547968987268018, 
        "11cs30029": 4.590388585954017, 
        "11cs30020": -4.9492388085749495, 
        "11cs30018": -3.0081758654393322, 
        "11cs30023": -0.7880781064283413, 
        "11cs30014": -1.5386472540798177, 
        "11cs30011": -1.575453924768663, 
        "11cs30010": 2.0724687783895392, 
        "11cs30013": -2.61906130690323
    }, 
    "11cs3007": {
        "11cs3004": 4.884654430207579, 
        "11cs3006": -4.850887258329467, 
        "11cs3001": -2.66765543808827, 
        "11cs3002": 0.26639238393368103, 
        "11cs3009": -1.57050517046053, 
        "11cs30029": -4.473761437999374, 
        "11cs30026": -2.3406519290849115, 
        "11cs30027": -2.382479679429675, 
        "11cs30020": -3.981341167724115, 
        "11cs30022": -0.1996827813148494, 
        "11cs30015": -3.527489978824778, 
        "11cs30011": -0.7800258421106214, 
        "11cs30010": -4.445343928091133
    }, 
    "11cs3006": {
        "11cs3004": -1.4518752013875416, 
        "11cs3007": -2.2724958714351926, 
        "11cs3002": 1.0544855941332942, 
        "11cs3009": -0.19994315269641927, 
        "11cs3008": 2.774056490116444, 
        "11cs30026": 2.078750444675954, 
        "11cs30019": -0.36151668961319494, 
        "11cs30021": -0.5655823614730284, 
        "11cs30023": 1.9087838563295492, 
        "11cs30014": -4.4835986678467465, 
        "11cs30016": 4.929884263803309, 
        "11cs30028": 3.870759042053873, 
        "11cs30020": -4.524303235372386, 
        "11cs30013": 0.8116613148841001, 
        "11cs30012": 1.2027340950268028
    }, 
    "11cs3001": {
        "11cs3007": -4.1494623818260195, 
        "11cs3003": -0.6989943247842287, 
        "11cs30028": -0.9402047293659619, 
        "11cs3009": -3.600772619651693, 
        "11cs30030": -3.721680699526062, 
        "11cs30029": -2.201180025003654, 
        "11cs30025": -2.5625508401874253, 
        "11cs30026": -1.239824238148124, 
        "11cs30027": -4.46892793999654, 
        "11cs30020": 3.0272553014716603, 
        "11cs30018": -0.2993227925018038, 
        "11cs30023": -4.963151934869342, 
        "11cs30015": -1.1848425345664513, 
        "11cs30014": 1.209248458242687, 
        "11cs30016": -1.7321125489704636, 
        "11cs30011": -1.6229343438256691, 
        "11cs30010": -3.8875257082092176, 
        "11cs30013": 2.6809745390619977, 
        "11cs30012": -3.9615974340162454
    }, 
    "11cs3003": {
        "11cs3001": 3.874519073644036, 
        "11cs30028": 0.6769500593408093, 
        "11cs30024": -2.98440767046531, 
        "11cs30025": 4.842236463019429, 
        "11cs30026": 4.822077916283455, 
        "11cs30019": -2.2205736667425544, 
        "11cs30018": 3.8320734779910577, 
        "11cs30023": -3.062668842915237, 
        "11cs30015": -4.742119634637722, 
        "11cs30017": 4.521616220142347, 
        "11cs30016": 1.2888829246074458, 
        "11cs30011": -4.4065052216983736, 
        "11cs30029": -1.2404747067811837, 
        "11cs30013": -2.9373342015824933, 
        "11cs30021": -4.532008994177285
    }, 
    "11cs3002": {
        "11cs3007": 3.153470453242331, 
        "11cs3006": -0.3234819849109858, 
        "11cs3009": 4.49715907016448, 
        "11cs3008": -0.5781683553279136, 
        "11cs30029": -3.8185410045507426, 
        "11cs30026": -1.8294082900738582, 
        "11cs30027": 2.213813583564286, 
        "11cs30020": 0.09329244106974421, 
        "11cs30021": -3.5376059538586935, 
        "11cs30030": 1.9381300823949577, 
        "11cs30015": -2.3754967036057337, 
        "11cs30014": 1.5076056636530328, 
        "11cs30028": -4.805797546606647, 
        "11cs30010": 1.0962321762398535, 
        "11cs30012": -2.0088682523990165
    }, 
    "11cs3009": {
        "11cs3007": 2.5707931220236, 
        "11cs3006": 4.120928050934392, 
        "11cs3001": -0.4503720807879912, 
        "11cs3002": 3.356753416807953, 
        "11cs30029": -2.8652409833788193, 
        "11cs30024": 4.2736975169581335, 
        "11cs30025": 2.927782148535959, 
        "11cs30030": 3.781063545190559, 
        "11cs30019": 4.075933749269584, 
        "11cs30018": -3.932168889579369, 
        "11cs30022": -0.774071643629556, 
        "11cs30015": -1.2808149824481188, 
        "11cs30010": 0.7726717983349403, 
        "11cs30013": -3.2873897995471646
    }, 
    "11cs3008": {
        "11cs3006": 1.3470489665007337, 
        "11cs3002": 2.7709949766985726, 
        "11cs30024": 2.2652025399229947, 
        "11cs30025": 4.993310299338061, 
        "11cs30026": -4.946677057400791, 
        "11cs30019": 2.6959522940854352, 
        "11cs30021": -1.8429750597313808, 
        "11cs30022": -0.5371535350531467, 
        "11cs30014": 2.950710754145267, 
        "11cs30018": -1.3847497938484379
    }, 
    "11cs30030": {
        "11cs3005": 0.44164066273581426, 
        "11cs3001": -0.5514866485483418, 
        "11cs3002": 0.13106863921161427, 
        "11cs3009": -2.9591897609424853, 
        "11cs30025": -1.6904134426571904, 
        "11cs30026": -3.486469631631639, 
        "11cs30022": -3.181676022160933, 
        "11cs30023": 2.1656385779782106, 
        "11cs30017": 2.5204312429168, 
        "11cs30028": 0.8313740342749201, 
        "11cs30013": 1.3333855515956454, 
        "11cs30012": -2.792495806110308
    }, 
    "11cs30019": {
        "11cs3005": -4.222438443776554, 
        "11cs3006": 3.480320134645101, 
        "11cs3003": 1.2076807329487496, 
        "11cs30028": 1.613613373887751, 
        "11cs3009": -0.869437064256533, 
        "11cs3008": -4.314498033650031, 
        "11cs30024": 4.501888578032954, 
        "11cs30025": -2.6301344095634063, 
        "11cs30026": -1.5663472080296992, 
        "11cs30021": -3.7427695783318526, 
        "11cs30022": -2.9490346669155834, 
        "11cs30023": 1.036226018887926, 
        "11cs30015": -3.3192328962399764, 
        "11cs30017": -1.7383751852212659, 
        "11cs30016": -1.438880265191138, 
        "11cs30011": 1.8682505329940868, 
        "11cs30029": -2.1868935412921053, 
        "11cs30013": 2.84478538352084, 
        "11cs30012": 1.4922940184401847
    }, 
    "11cs30018": {
        "11cs3005": -2.671132485080654, 
        "11cs3004": 1.2180831872720086, 
        "11cs3001": -1.4999213657279329, 
        "11cs3003": 1.7095505161625297, 
        "11cs3009": 4.636267699240808, 
        "11cs3008": -2.0545593112266536, 
        "11cs30024": -2.2049945914171953, 
        "11cs30026": -4.095003917314989, 
        "11cs30020": -3.7814746011331857, 
        "11cs30021": -4.822519493728451, 
        "11cs30015": -3.8115720008834786, 
        "11cs30017": -4.5683316623481085, 
        "11cs30010": -3.8897644017155275, 
        "11cs30013": -0.8882870804496887
    }, 
    "11cs30015": {
        "11cs3007": -4.143531255317852, 
        "11cs3001": -2.095132598742703, 
        "11cs3003": 0.04128426359861326, 
        "11cs3002": -0.12940635800553046, 
        "11cs3009": 2.27168213446822, 
        "11cs30019": 4.680546082938495, 
        "11cs30018": -0.7207106101291396, 
        "11cs30022": 1.8212171328446702, 
        "11cs30021": 1.5551517568580628
    }, 
    "11cs30014": {
        "11cs3004": -3.6882014380060957, 
        "11cs3006": -1.9555264767357916, 
        "11cs3001": -4.752639849771053, 
        "11cs3002": -3.7268081911301643, 
        "11cs3008": -2.4278417194748823, 
        "11cs30025": 0.6479427793443691, 
        "11cs30026": 1.8384497963678328,